{
	"info": {
		"_postman_id": "fc692a9c-09eb-4787-8529-7dac5144cd39",
		"name": "Session08",
		"schema": "https://schema.getpostman.com/json/collection/v2.1.0/collection.json"
	},
	"item": [
		{
			"name": "bike-rental",
			"item": [
				{
					"name": "[FN08] GET Bikes Available by StationId Feign",
					"request": {
						"method": "GET",
						"header": [
							{
								"key": "Content-Type",
								"type": "text",
								"value": "application/json"
							}
						],
						"url": {
							"raw": "http://localhost:8101/bike-rental/flux/v1/stations/S0001/available",
							"protocol": "http",
							"host": [
								"localhost"
							],
							"port": "8101",
							"path": [
								"bike-rental",
								"flux",
								"v1",
								"stations",
								"S0001",
								"available"
							]
						}
					},
					"response": []
				},
				{
					"name": "GET [FN05] Bikes Rentals",
					"request": {
						"method": "GET",
						"header": [
							{
								"key": "Content-Type",
								"type": "text",
								"value": "application/json"
							}
						],
						"url": {
							"raw": "http://localhost:8101/bike-rental/flux/v1/rents/1",
							"protocol": "http",
							"host": [
								"localhost"
							],
							"port": "8101",
							"path": [
								"bike-rental",
								"flux",
								"v1",
								"rents",
								"1"
							]
						}
					},
					"response": []
				}
			],
			"protocolProfileBehavior": {}
		},
		{
			"name": "bike-station",
			"item": [
				{
					"name": "GET Bikes Available by StationId",
					"request": {
						"method": "GET",
						"header": [
							{
								"key": "Content-Type",
								"value": "application/json",
								"type": "text"
							}
						],
						"url": {
							"raw": "http://localhost:8201/bike-station/flux/v1/stations/S0001/bikes-available",
							"protocol": "http",
							"host": [
								"localhost"
							],
							"port": "8201",
							"path": [
								"bike-station",
								"flux",
								"v1",
								"stations",
								"S0001",
								"bikes-available"
							]
						}
					},
					"response": []
				}
			],
			"protocolProfileBehavior": {}
		}
	],
	"protocolProfileBehavior": {}
}