<?xml version="1.0" encoding="UTF-8"?>
<Configuration>
    <Appenders>
        <Console name="Console" target="SYSTEM_OUT">
            <PatternLayout
                pattern="%style{%d{ISO8601}}{black} %highlight{%-5level }[%style{%t}{bright,blue}] %style{%C{1.}}{bright,yellow}: %msg%n%throwable" />
        </Console>

        <!-- <RollingFile name="RollingFile"
            fileName="./logs/spring-boot-logger-log4j2.log"
            filePattern="./logs/$${date:yyyy-MM}/spring-boot-logger-log4j2-%d{-dd-MMMM-yyyy}-%i.log.gz">
            <PatternLayout>
                <pattern>%d %p %C{1.} [%t] %m%n</pattern>
            </PatternLayout>
            <Policies>
                <OnStartupTriggeringPolicy />
                <SizeBasedTriggeringPolicy
                    size="10 MB" />
                <TimeBasedTriggeringPolicy />
            </Policies>
        </RollingFile> -->
    </Appenders>

    <Loggers>
        <!-- LOG everything at INFO level -->
        <Root level="info">
            <AppenderRef ref="Console" />
            <!-- <AppenderRef ref="RollingFile" /> -->
        </Root>


        <Logger name="org.springframework" level="INFO"></Logger>
        <Logger name="pe.com.example.api.db" level="ERROR" />
        <Logger name="pe.com.example.rentalbike.*" level="INFO" />
    </Loggers>

</Configuration>